channel_1,channel_2,channel_3
-28.337902,-14.217541,-24.096886
-28.165462,-13.954866,-23.480825
-27.441614,-13.660232,-23.04566
-28.505816,-14.34527,-24.161419
-28.57273,-14.530086,-24.506681
-27.596653,-13.8322115,-23.376822
-27.786964,-13.777245,-23.25924
-28.27022,-14.069933,-23.709898
-28.284119,-14.261939,-23.976858
-28.942581,-14.669613,-24.55584
-29.597586,-15.092801,-25.145895
-28.67904,-14.465515,-24.264515
-28.866705,-14.403375,-23.996187
-27.797237,-14.088095,-23.736914
-28.735756,-14.512967,-24.35337
-29.86824,-15.260186,-25.407948
-29.800087,-15.082678,-25.317593
-27.889622,-13.98675,-23.550879
-29.348898,-14.939242,-25.037071
-27.80406,-13.9935,-23.463406
-29.594107,-15.066184,-25.161129
-28.870102,-14.5266075,-24.278181
-28.438528,-14.561043,-24.381725
-29.5586,-14.899387,-25.02323
-28.33675,-14.119257,-23.950893
-28.171059,-13.8889475,-23.400341
-27.430937,-13.60276,-22.88516
-28.518545,-14.331307,-24.212454
-28.571922,-14.4252615,-24.33778
-27.594519,-13.721873,-23.255537
-27.78444,-13.720573,-23.281363
-28.26913,-14.069671,-23.715244
-28.268057,-14.143333,-23.742065
-28.93968,-14.6191225,-24.523129
-29.60742,-15.001906,-25.081121
-28.680073,-14.443716,-24.254707
-28.871006,-14.340942,-24.00264
-27.7825,-13.992825,-23.571896
-28.734415,-14.549892,-24.452032
-29.864416,-15.173173,-25.34838
-29.756672,-15.034072,-25.293238
-27.8593,-13.923352,-23.547918
-29.336414,-14.816494,-24.857388
-27.790583,-13.901564,-23.424286
-29.562946,-15.026891,-25.164562
-28.874037,-14.377043,-24.083887
-28.429398,-14.465518,-24.379751
-29.544304,-14.846663,-24.988468
-28.355215,-14.061598,-24.180664
-28.184244,-13.898384,-23.752262
-27.425278,-13.495993,-23.223768
-28.518805,-14.27651,-24.540136
-28.57532,-14.320224,-24.475975
-27.590635,-13.686199,-23.533575
-27.777735,-13.662109,-23.832539
-28.26232,-14.0619955,-24.087753
-28.265457,-14.059292,-23.879086
-28.93283,-14.544932,-24.75518
-29.618681,-14.934557,-25.343985
-28.663431,-14.348102,-24.414045
-28.867302,-14.262945,-24.293592
-27.769293,-13.867834,-23.824318
-28.718668,-14.503999,-24.681723
-29.857203,-15.062729,-25.557547
-29.736116,-15.014466,-25.54327
-27.827652,-13.869955,-23.898315
-29.317461,-14.6831665,-24.883888
-27.76294,-13.793705,-23.72097
-29.547548,-14.930734,-25.397509
-28.880085,-14.274793,-24.263437
-28.415607,-14.3567,-24.646198
-29.517605,-14.768044,-25.137106
-28.592106,-13.988211,-24.327402
-28.460844,-13.863563,-24.06218
-27.777668,-13.39396,-23.612188
-28.76749,-14.220065,-24.859112
-28.818195,-14.201335,-24.560394
-27.794756,-13.6690235,-23.77527
-28.135244,-13.568287,-24.223318
-28.496527,-14.024353,-24.34685
-28.450613,-14.010439,-24.113373
-29.12314,-14.394972,-24.936544
-29.795275,-14.861173,-25.535654
-28.835114,-14.286703,-24.596102
-29.051626,-14.24954,-24.56656
-28.094429,-13.706227,-24.0906
-28.895199,-14.391682,-24.797756
-30.06467,-14.906187,-25.741392
-29.929296,-15.06274,-25.916822
-28.091671,-13.758624,-24.084232
-29.47938,-14.550633,-25.008179
-27.968992,-13.680354,-23.893173
-29.749853,-14.841339,-25.552935
-29.088875,-14.214134,-24.47495
-28.639797,-14.228204,-24.748823
-29.726648,-14.784227,-25.461111
-28.83843,-13.982282,-24.554028
-28.70557,-13.792666,-24.406687
-28.102404,-13.297536,-24.006536
-28.9817,-14.132224,-24.997938
-29.02571,-14.112455,-24.6902
-28.013468,-13.638333,-23.938599
-28.475937,-13.4735155,-24.6296
-28.733913,-13.951216,-24.58648
-28.642242,-13.97174,-24.41309
-29.315767,-14.318115,-25.110489
-29.959589,-14.757172,-25.732536
-28.991447,-14.195559,-24.725058
-29.234829,-14.213256,-24.836624
-28.428015,-13.584209,-24.353577
-29.093742,-14.287471,-24.869724
-30.283731,-14.713032,-25.83352
-30.120283,-15.058396,-26.09836
-28.341097,-13.630821,-24.299139
-29.675611,-14.481732,-25.304316
-28.15601,-13.569143,-23.994362
-29.929916,-14.732963,-25.736296
-29.27475,-14.161643,-24.73363
-28.851639,-14.069629,-24.882915
-29.946247,-14.759982,-25.733864
-29.063274,-14.104748,-24.368885
-28.912985,-13.863358,-24.236534
-28.389357,-13.479692,-23.895782
-29.166243,-14.305792,-24.730268
-29.234627,-14.236725,-24.533934
-28.200531,-13.754285,-23.762764
-28.835714,-13.704064,-24.493402
-28.987848,-14.092034,-24.617737
-28.842382,-14.049996,-24.442286
-29.490513,-14.479278,-24.94346
-30.136343,-14.788729,-25.539942
-29.17231,-14.3782,-24.727577
-29.401678,-14.392129,-24.860382
-28.745184,-13.707418,-24.135012
-29.274029,-14.387612,-24.745842
-30.471653,-14.806607,-25.726843
-30.276073,-15.183643,-26.094576
-28.567255,-13.829227,-24.160507
-29.901083,-14.559878,-25.317797
-28.346273,-13.728692,-23.894371
-30.136917,-14.807347,-25.63679
-29.45854,-14.330653,-24.790125
-29.07619,-14.15153,-24.604422
-30.161448,-14.9254875,-25.7734
-28.940168,-14.284455,-24.368511
-28.685547,-13.989685,-24.141703
-28.122446,-13.624459,-23.70693
-28.95252,-14.447299,-24.440647
-29.078875,-14.344666,-24.541023
-28.059258,-13.8506565,-23.63787
-28.58017,-13.954462,-24.331512
-28.867786,-14.203627,-24.56677
-28.779444,-14.116056,-24.397705
-29.331625,-14.629277,-24.86842
-30.025585,-14.856595,-25.417763
-29.029604,-14.461562,-24.695375
-29.238764,-14.53448,-24.735823
-28.525946,-13.839729,-23.92654
-29.10681,-14.539124,-24.54888
-30.327885,-14.976492,-25.665535
-30.165392,-15.26655,-26.02308
-28.351954,-13.996648,-24.149403
-29.819368,-14.691441,-25.3494
-28.180958,-13.865133,-23.799646
-30.038338,-14.844336,-25.559486
-29.317188,-14.477854,-24.913498
-28.913433,-14.235704,-24.425127
-29.988138,-14.988588,-25.667477
-28.827965,-14.3847475,-24.387253
-28.493423,-14.161954,-24.066292
-27.912596,-13.757576,-23.538267
-28.777405,-14.571461,-24.304491
-29.000107,-14.463454,-24.524841
-27.924545,-13.949203,-23.59414
-28.32674,-14.177616,-24.08518
-28.747803,-14.361323,-24.490522
-28.688938,-14.209741,-24.407997
-29.17059,-14.733156,-24.774525
-29.906633,-15.032703,-25.381407
-28.957788,-14.595706,-24.656763
-29.042604,-14.691536,-24.670305
-28.305857,-14.001165,-23.81157
-28.906208,-14.648145,-24.457466
-30.154194,-15.176083,-25.72094
-30.106289,-15.298206,-26.031418
-28.181322,-14.142038,-24.127596
-29.703148,-14.818417,-25.279016
-28.04887,-13.9959955,-23.783543
-29.986385,-14.909513,-25.491795
-29.174726,-14.649088,-25.029198
-28.791441,-14.366085,-24.344181
-29.822838,-15.090087,-25.600044
-28.755318,-14.529799,-24.436619
-28.326971,-14.379573,-23.995476
-27.730906,-13.910447,-23.345207
-28.646646,-14.649644,-24.189524
-28.891584,-14.595763,-24.536505
-27.847721,-14.058796,-23.634798
-28.041994,-14.382933,-23.890787
-28.609459,-14.477123,-24.31125
-28.612642,-14.31012,-24.320772
-29.080135,-14.792274,-24.726904
-29.774595,-15.200717,-25.39395
-28.862446,-14.658965,-24.622969
-28.845339,-14.900933,-24.70707
-28.12142,-14.165599,-23.832323
-28.772427,-14.7182865,-24.390017
-30.040354,-15.381437,-25.744953
-30.074173,-15.371285,-25.9144
-28.070917,-14.262239,-23.99775
-29.536108,-14.953268,-25.3183
-27.93216,-14.087941,-23.744207
-29.87531,-15.056495,-25.435724
-29.02409,-14.814443,-24.940132
-28.670815,-14.486588,-24.356647
-29.67624,-15.184112,-25.547796
-28.625456,-14.638295,-24.388037
-28.149395,-14.465929,-23.889791
-27.528687,-14.069911,-23.304697
-28.547493,-14.636646,-24.248352
-28.766577,-14.67703,-24.550375
-27.766865,-14.098204,-23.628365
-27.796162,-14.4649515,-23.818882
-28.452374,-14.627394,-24.199482
-28.494864,-14.35658,-24.240005
-29.019558,-14.842115,-24.805483
-29.646732,-15.296075,-25.47412
-28.827225,-14.758291,-24.657925
-28.697718,-15.06013,-24.854677
-27.990849,-14.328133,-23.896666
-28.685753,-14.755863,-24.492723
-29.924145,-15.532548,-25.828503
-29.974705,-15.434149,-25.772251
-27.956438,-14.321662,-23.944778
-29.427889,-15.032634,-25.305231
-27.843857,-14.137074,-23.789875
-29.749958,-15.232425,-25.531898
-28.824156,-14.922612,-24.866056
-28.583366,-14.522075,-24.422077
-29.590775,-15.288213,-25.475616
-28.390705,-14.770017,-24.316021
-27.927849,-14.56357,-23.873718
-27.208035,-14.206966,-23.311283
-28.424143,-14.67159,-24.35575
-28.55653,-14.753703,-24.573141
-27.64748,-14.138158,-23.5357
-27.51838,-14.525739,-23.77998
-28.186058,-14.724131,-24.062199
-28.32782,-14.448264,-24.102375
-28.920984,-14.963954,-24.925144
-29.533228,-15.37807,-25.488617
-28.676035,-14.835274,-24.643898
-28.560883,-15.114347,-24.83368
-27.739605,-14.501502,-23.925877
-28.576244,-14.816121,-24.591011
-29.744684,-15.672308,-25.965282
-29.752079,-15.465297,-25.571054
-27.754688,-14.382972,-23.883274
-29.242609,-15.137504,-25.322819
-27.71261,-14.191519,-23.844368
-29.55265,-15.395727,-25.571775
-28.591198,-14.98359,-24.700647
-28.442799,-14.563403,-24.39518
-29.362612,-15.315698,-25.32665
-28.103542,-14.856012,-24.19771
-27.74498,-14.668858,-24.004152
-26.944221,-14.384873,-23.37122
-28.338108,-14.69786,-24.484268
-28.38186,-14.793543,-24.506817
-27.48352,-14.116943,-23.408627
-27.289705,-14.59615,-23.729963
-27.88451,-14.830565,-24.024878
-28.102348,-14.565335,-23.99999
-28.750263,-15.044809,-24.943092
-29.395723,-15.449858,-25.558313
-28.515,-14.920533,-24.597668
-28.430748,-15.2008095,-24.807669
-27.430943,-14.652861,-23.833765
-28.41742,-14.888593,-24.66083
-29.554216,-15.841242,-26.040956
-29.577303,-15.502715,-25.434313
-27.521748,-14.440676,-23.858175
-29.059914,-15.257645,-25.289988
-27.57958,-14.2322,-23.795305
-29.363277,-15.564244,-25.62038
-28.359985,-15.007965,-24.608496
-28.255718,-14.64473,-24.439032
-29.189535,-15.371479,-25.208603
-27.873508,-14.903827,-24.126066
-27.640532,-14.894651,-24.285915
-26.708101,-14.597545,-23.482977
-28.250051,-14.74953,-24.435495
-28.210375,-14.880611,-24.404974
-27.327133,-14.203246,-23.312511
-27.042551,-14.700406,-23.762026
-27.612686,-14.931402,-24.085495
-27.899246,-14.6894455,-24.027159
-28.604872,-15.062123,-24.782494
-29.273375,-15.533122,-25.60899
-28.298933,-14.912504,-24.45439
-28.24699,-15.258152,-24.742706
-27.076239,-14.862907,-23.783222
-28.25915,-14.979949,-24.706009
-29.317411,-15.927772,-26.02274
-29.405384,-15.548018,-25.404734
-27.334332,-14.521578,-23.725569
-28.87346,-15.411904,-25.246555
-27.40752,-14.289696,-23.685844
-29.151867,-15.700605,-25.59955
-28.196825,-15.027544,-24.531883
-28.064997,-14.714826,-24.389215
-28.994074,-15.44728,-25.239468
-27.78985,-14.939837,-24.02526
-27.669235,-15.068275,-24.351946
-26.679745,-14.7650175,-23.538214
-28.264824,-14.808956,-24.300274
-28.16367,-14.986685,-24.289984
-27.230036,-14.313286,-23.296618
-27.052101,-14.780755,-23.668613
-27.565308,-15.0282,-24.227707
-27.857824,-14.773014,-24.08203
-28.572302,-15.075269,-24.70039
-29.228504,-15.5709715,-25.564322
-28.276827,-14.994558,-24.434313
-28.202614,-15.305215,-24.764212
-26.909899,-14.98964,-23.72082
-28.263752,-15.035193,-24.58587
-29.26952,-15.992879,-25.858118
-29.37369,-15.620676,-25.382534
-27.28018,-14.640284,-23.6881
-28.797491,-15.5252075,-25.224796
-27.395426,-14.377269,-23.577948
-29.04188,-15.823635,-25.603783
-28.217745,-15.087412,-24.60506
-28.00664,-14.798172,-24.311846
-29.02185,-15.648365,-25.404139
-27.749884,-15.070581,-24.044872
-27.62833,-15.178544,-24.30058
-26.611671,-14.894572,-23.523035
-28.211536,-14.912941,-24.189783
-28.065971,-15.065545,-24.252544
-27.147686,-14.419203,-23.310568
-27.023079,-14.941325,-23.601582
-27.56972,-15.09783,-24.21373
-27.840899,-14.846133,-24.156342
-28.589457,-15.113808,-24.637035
-29.19846,-15.581238,-25.40804
-28.191633,-15.004327,-24.3669
-28.21787,-15.298121,-24.6862
-26.784962,-15.067237,-23.684385
-28.245033,-15.101158,-24.478945
-29.20585,-15.9781885,-25.672544
-29.253284,-15.720323,-25.499537
-27.21674,-14.776843,-23.616274
-28.773285,-15.643661,-25.146816
-27.34307,-14.498447,-23.528362
-28.918188,-15.94239,-25.56333
-28.306992,-15.162832,-24.678219
-27.959015,-14.893047,-24.135386
-28.972773,-15.805128,-25.445822
-27.659176,-15.1673765,-24.119904
-27.556206,-15.220856,-24.121954
-26.54302,-14.979592,-23.466759
-28.14723,-15.01214,-24.20337
-28.007158,-15.111828,-24.26289
-27.088087,-14.494145,-23.363754
-26.949125,-15.130622,-23.556742
-27.54988,-15.188988,-24.149952
-27.827072,-14.936059,-24.220827
-28.541931,-15.204331,-24.635012
-29.166538,-15.647327,-25.320654
-28.16556,-15.0651455,-24.360617
-28.229872,-15.305685,-24.549124
-26.721027,-15.105169,-23.621248
-28.180088,-15.168278,-24.336683
-29.162542,-15.976296,-25.459475
-29.173061,-15.837417,-25.527058
-27.097166,-14.883596,-23.536058
-28.697613,-15.737794,-25.14711
-27.296215,-14.640526,-23.519993
-28.793661,-16.033691,-25.436956
-28.388172,-15.249478,-24.712818
-27.863468,-15.044893,-24.102032
-28.91374,-15.921081,-25.442173
-27.680363,-14.947426,-24.322271
-27.506264,-14.898817,-24.243565
-26.494825,-14.587903,-23.656551
-28.114529,-14.818853,-24.442661
-28.017515,-14.903935,-24.506538
-27.093851,-14.352737,-23.552013
-26.848103,-14.864889,-23.890938
-27.462917,-14.976575,-24.1735
-27.819166,-14.8560915,-24.40612
-28.489428,-15.041272,-24.763083
-29.14874,-15.493242,-25.366524
-28.101973,-14.893551,-24.447367
-28.18784,-15.066033,-24.545109
-26.693184,-14.716546,-23.781479
-28.050312,-14.958631,-24.453043
-29.091194,-15.732137,-25.486233
-29.089748,-15.716109,-25.772913
-26.984318,-14.643022,-23.767563
-28.650652,-15.608657,-25.32016
-27.20951,-14.529429,-23.668344
-28.672794,-15.810637,-25.442179
-28.431131,-15.060004,-24.832335
-27.792671,-14.897614,-24.308168
-28.812082,-15.700824,-25.571821
-27.703869,-14.707758,-24.49856
-27.46026,-14.620308,-24.327837
-26.494923,-14.265546,-23.76652
-28.071747,-14.691418,-24.588251
-28.059238,-14.786459,-24.787825
-27.053654,-14.189503,-23.765585
-26.771307,-14.559988,-24.198801
-27.396376,-14.744206,-24.330559
-27.785524,-14.798385,-24.563066
-28.415815,-14.943492,-24.917355
-29.09214,-15.383377,-25.50826
-28.088846,-14.792928,-24.605574
-28.103655,-14.803222,-24.628279
-26.723772,-14.36891,-23.961575
-27.99444,-14.725207,-24.629168
-29.045172,-15.523673,-25.661247
-29.114298,-15.585289,-25.868128
-26.910994,-14.4261055,-24.054728
-28.58395,-15.454161,-25.48972
-27.09166,-14.436508,-23.901854
-28.596704,-15.612386,-25.45645
-28.395706,-14.9603405,-25.020014
-27.724651,-14.77327,-24.558289
-28.781935,-15.464669,-25.71736
-27.771507,-14.522952,-24.681782
-27.385424,-14.396385,-24.35805
-26.413017,-14.016483,-23.805199
-27.96228,-14.595383,-24.845966
-28.108294,-14.667953,-25.069935
-27.050707,-14.068954,-23.966457
-26.734406,-14.243872,-24.459723
-27.389263,-14.475279,-24.49793
-27.738304,-14.690271,-24.63767
-28.40435,-14.851556,-25.110888
-29.069971,-15.250216,-25.620779
-28.090557,-14.655727,-24.765127
-28.027622,-14.578124,-24.718752
-26.757484,-14.070407,-24.168777
-27.991291,-14.52813,-24.835218
-29.025454,-15.383764,-25.873531
-29.042667,-15.439898,-25.98236
-26.90114,-14.269937,-24.29795
-28.533922,-15.280003,-25.639574
-26.997772,-14.335963,-24.179762
-28.535898,-15.372021,-25.560001
-28.326925,-14.858932,-25.236214
-27.712158,-14.654974,-24.817451
-28.705183,-15.249855,-25.82095
-27.780922,-14.695359,-24.705036
-27.240028,-14.641595,-24.073395
-26.296684,-14.347589,-23.530296
-27.894995,-14.89373,-24.782368
-28.121494,-14.905138,-24.96064
-26.994802,-14.309801,-23.914757
-26.663984,-14.58793,-24.29947
-27.402872,-14.635313,-24.401575
-27.677177,-14.809494,-24.476982
-28.39537,-15.091278,-25.111105
-29.00404,-15.423905,-25.680222
-28.101706,-14.882962,-24.746174
-27.997023,-14.752776,-24.6523
-26.784695,-14.375048,-24.005856
-28.024618,-14.722885,-24.730566
-29.059572,-15.58264,-25.907625
-29.02924,-15.599048,-25.823261
-26.86687,-14.59744,-24.178644
-28.450972,-15.42871,-25.481346
-26.935238,-14.591786,-24.123997
-28.541838,-15.488655,-25.50139
-28.247213,-15.083852,-25.164434
-27.678268,-14.967567,-24.867744
-28.632425,-15.488863,-25.60026
-27.638956,-14.876098,-24.655567
-26.948637,-14.893314,-23.913021
-25.926105,-14.618037,-23.432089
-27.681747,-15.137438,-24.755772
-27.930841,-15.096565,-24.827444
-26.835178,-14.549972,-23.800566
-26.245872,-14.9823885,-24.162659
-27.156662,-14.787042,-24.31397
-27.459494,-15.007439,-24.382328
-28.212402,-15.326279,-25.038143
-28.861586,-15.648656,-25.711538
-27.867052,-15.014581,-24.69245
-27.780155,-14.941528,-24.597172
-26.57503,-14.716888,-23.947388
-27.838951,-14.979561,-24.642756
-28.874155,-15.844345,-25.842117
-28.78359,-15.742233,-25.786158
-26.55544,-14.889418,-23.969126
-28.22296,-15.599348,-25.372982
-26.676271,-14.833187,-24.018356
-28.376692,-15.590192,-25.539446
-27.937862,-15.289542,-24.958029
-27.457685,-15.2302065,-24.857916
-28.287336,-15.697248,-25.376003
-27.430798,-15.00727,-24.50414
-26.692804,-15.088994,-23.87392
-25.661348,-14.868909,-23.397087
-27.562464,-15.3627615,-24.641256
-27.715134,-15.351249,-24.7428
-26.63919,-14.730701,-23.72106
-25.837448,-15.395477,-23.936525
-26.900625,-14.971794,-24.273338
-27.193848,-15.194356,-24.381443
-27.963419,-15.526571,-25.05329
-28.662752,-15.887128,-25.708818
-27.707432,-15.195977,-24.707241
-27.594713,-15.153903,-24.518974
-26.316542,-15.040067,-23.965979
-27.66454,-15.167143,-24.546923
-28.616796,-16.050615,-25.899603
-28.604239,-15.86184,-25.76427
-26.197573,-15.114771,-23.903854
-27.96614,-15.857097,-25.203466
-26.411673,-15.069376,-23.883572
-28.235352,-15.780029,-25.525978
-27.564936,-15.512858,-24.727356
-27.241554,-15.501642,-24.769363
-28.041924,-15.899818,-25.215866
-27.240717,-15.209854,-24.33711
-26.498405,-15.305378,-23.885563
-25.42826,-15.147982,-23.420385
-27.39209,-15.55724,-24.582949
-27.44838,-15.611403,-24.697054
-26.43723,-14.909854,-23.638443
-25.486069,-15.769966,-23.782343
-26.672525,-15.158985,-24.212765
-26.907898,-15.395238,-24.35464
-27.762407,-15.67963,-24.987772
-28.421019,-16.106083,-25.615671
-27.50324,-15.275259,-24.719713
-27.3647,-15.332741,-24.444128
-26.033365,-15.286915,-23.985682
-27.509262,-15.327314,-24.541327
-28.35306,-16.255465,-25.90384
-28.404062,-16.058516,-25.747787
-25.942694,-15.335283,-23.852428
-27.676178,-16.043268,-25.147827
-26.12321,-15.242334,-23.784273
-28.032192,-15.998694,-25.532598
-27.166878,-15.772615,-24.546923
-26.97312,-15.734213,-24.63666
-27.81581,-16.032965,-25.181635
-26.955788,-15.253801,-24.242893
-26.293453,-15.2198715,-23.922007
-25.15713,-15.158916,-23.38742
-27.221197,-15.47338,-24.414537
-27.14483,-15.635769,-24.564053
-26.18947,-14.842242,-23.561232
-25.16967,-15.697789,-23.64959
-26.50965,-15.234015,-24.160143
-26.630922,-15.435939,-24.253534
-27.575539,-15.610091,-24.944815
-28.165205,-16.075611,-25.535189
-27.379406,-15.269438,-24.636478
-27.153454,-15.248282,-24.382378
-25.709482,-15.258137,-23.944065
-27.390083,-15.289173,-24.51133
-28.09597,-16.2327,-25.818838
-28.227758,-16.114246,-25.621574
-25.728563,-15.266781,-23.808819
-27.384745,-16.109587,-25.08807
-25.892826,-15.190481,-23.609257
-27.822649,-16.04832,-25.468922
-26.841644,-15.798633,-24.449665
-26.691265,-15.718541,-24.501667
-27.638298,-16.070095,-25.195944
-26.989952,-15.34095,-24.082682
-26.474524,-15.143886,-23.941265
-25.247396,-15.136652,-23.284666
-27.320581,-15.39426,-24.317045
-27.126062,-15.654302,-24.402649
-26.26408,-14.807491,-23.510717
-25.387821,-15.573355,-23.55761
-26.595297,-15.34642,-24.023067
-26.619972,-15.531818,-24.151476
-27.648283,-15.647245,-24.694004
-28.186998,-16.046452,-25.401106
-27.401852,-15.309667,-24.460688
-27.234114,-15.127669,-24.398783
-25.745253,-15.288741,-23.767582
-27.451347,-15.291423,-24.41761
-28.125595,-16.206125,-25.609386
-28.263891,-16.130003,-25.620281
-25.864403,-15.28211,-23.733147
-27.307287,-16.133059,-25.044847
-25.9494,-15.160003,-23.502462
-27.795689,-16.093262,-25.452358
-26.863523,-15.837332,-24.352238
-26.705927,-15.758111,-24.349358
-27.68334,-16.01496,-25.284735
-26.97092,-15.390049,-24.044233
-26.6222,-15.03146,-23.921911
-25.358395,-15.128284,-23.178642
-27.416443,-15.341481,-24.209948
-27.065065,-15.655382,-24.331827
-26.345234,-14.819941,-23.448662
-25.568853,-15.480022,-23.464375
-26.618284,-15.433588,-23.921444
-26.631979,-15.576722,-24.100592
-27.607372,-15.637482,-24.55122
-28.217972,-16.003056,-25.267853
-27.354721,-15.39406,-24.30113
-27.405388,-15.119195,-24.331825
-25.764563,-15.387526,-23.576246
-27.439756,-15.320151,-24.357883
-28.109884,-16.280966,-25.349247
-28.368639,-16.19841,-25.639257
-25.897282,-15.289079,-23.593409
-27.304348,-16.085964,-25.027933
-25.960371,-15.17462,-23.44904
-27.775017,-16.120836,-25.389362
-26.932125,-15.812336,-24.297276
-26.664948,-15.803087,-24.203465
-27.832813,-16.012419,-25.279495
-27.002548,-15.537236,-23.877064
-26.755394,-15.110227,-23.653103
-25.444029,-15.287411,-22.900948
-27.427866,-15.482564,-24.16547
-27.080881,-15.781622,-24.22711
-26.398165,-15.064571,-23.330694
-25.735237,-15.586216,-23.275917
-26.619509,-15.55629,-23.747818
-26.676353,-15.616336,-23.97228
-27.59194,-15.747912,-24.454638
-28.240252,-16.081882,-25.0715
-27.315834,-15.507398,-24.222975
-27.501493,-15.199146,-24.15322
-25.767475,-15.709497,-23.21875
-27.389982,-15.421366,-24.255499
-28.009115,-16.341515,-25.13251
-28.380814,-16.330557,-25.534794
-25.890589,-15.485431,-23.42498
-27.397194,-16.154984,-24.893484
-25.964148,-15.273773,-23.415491
-27.750315,-16.239447,-25.144505
-27.020529,-15.8047285,-24.23661
-26.602417,-15.98153,-24.011227
-27.929512,-16.100374,-25.207338
-26.78273,-15.619911,-23.802168
-26.449728,-15.21471,-23.378689
-25.126204,-15.408365,-22.588692
-27.176653,-15.652232,-24.07732
-26.872564,-15.895356,-24.039
-26.126663,-15.287505,-23.11133
-25.468039,-15.760541,-23.080545
-26.415672,-15.576575,-23.58161
-26.543358,-15.660564,-23.778769
-27.397287,-15.831315,-24.436125
-28.008085,-16.177082,-24.927677
-27.180027,-15.6657715,-24.103617
-27.366299,-15.278189,-24.030556
-25.338152,-15.94596,-22.816227
-27.151903,-15.5449095,-24.154846
-27.801043,-16.457792,-24.958984
-28.198244,-16.529978,-25.309666
-25.60848,-15.684685,-23.250116
-27.260479,-16.162798,-24.793701
-25.780272,-15.390866,-23.304232
-27.513508,-16.345669,-24.920525
-26.965496,-15.736429,-24.216827
-26.27459,-16.109095,-23.935575
-27.77605,-16.267906,-24.982615
-26.67346,-15.740096,-23.599722
-26.212057,-15.328421,-23.165468
-24.83535,-15.522668,-22.327
-26.904888,-15.815612,-23.969395
-26.724068,-16.01181,-23.822992
-25.811165,-15.402119,-22.96196
-25.19462,-16.049839,-22.85307
-26.242767,-15.622489,-23.482998
-26.377022,-15.694855,-23.648924
-27.256237,-15.921149,-24.327465
-27.818869,-16.271864,-24.855513
-26.997894,-15.724022,-24.022682
-27.148668,-15.39423,-23.943972
-24.969198,-16.086163,-22.545889
-26.932777,-15.69312,-24.035017
-27.633986,-16.498093,-24.896847
-27.961746,-16.685308,-25.121655
-25.369558,-15.855172,-23.081577
-27.157118,-16.31438,-24.549753
-25.583454,-15.506702,-23.236132
-27.314175,-16.52248,-24.651054
-26.936388,-15.687222,-24.168268
-26.040165,-16.262312,-23.791874
-27.476788,-16.399498,-24.74472
-26.504045,-15.74129,-23.45387
-26.002024,-15.424106,-23.088062
-24.548841,-15.620484,-22.098383
-26.652645,-15.9224415,-23.877115
-26.540693,-16.070139,-23.735298
-25.62196,-15.442471,-22.907177
-24.80637,-16.299732,-22.583302
-26.105536,-15.774368,-23.268307
-26.242891,-15.736802,-23.530811
-27.10487,-16.026321,-24.237488
-27.699081,-16.350998,-24.849457
-26.889238,-15.80668,-23.946268
-26.9851,-15.528177,-23.873756
-24.699787,-16.112593,-22.412943
-26.732536,-15.872938,-23.83581
-27.595757,-16.602083,-24.83771
-27.726364,-16.855867,-24.960432
-25.16726,-16.039953,-22.862535
-26.924526,-16.38334,-24.389841
-25.414623,-15.6411085,-23.088747
-27.060217,-16.676552,-24.428532
-26.889254,-15.738063,-24.091835
-25.846766,-16.35754,-23.664003
-27.215946,-16.527365,-24.516258
-26.387598,-15.881886,-23.5621
-25.85936,-15.62238,-23.278337
-24.286207,-15.832084,-22.349098
-26.442278,-16.097166,-24.015907
-26.414421,-16.178074,-23.909353
-25.505224,-15.547318,-23.035759
-24.433075,-16.607706,-22.774729
-25.8483,-16.020039,-23.337257
-26.083542,-15.877795,-23.59435
-26.93464,-16.194393,-24.349743
-27.596647,-16.486769,-25.004593
-26.741947,-15.946288,-24.088915
-26.867237,-15.747914,-24.047722
-24.597588,-16.181238,-22.683607
-26.526659,-16.046202,-23.9082
-27.520393,-16.798183,-25.032907
-27.48308,-16.995913,-25.053652
-24.886284,-16.279882,-23.009073
-26.77614,-16.59586,-24.356373
-25.205994,-15.87771,-23.136982
-26.864681,-16.8792,-24.49979
-26.721031,-15.969683,-24.208763
-25.67607,-16.522764,-23.762836
-26.996605,-16.721899,-24.62533
-26.507008,-16.021578,-23.705126
-26.045916,-15.851461,-23.441122
-24.566452,-16.114445,-22.559185
-26.628942,-16.27645,-24.072544
-26.584675,-16.21896,-24.03277
-25.651497,-15.623351,-23.145363
-24.595371,-16.791615,-22.992472
-25.88685,-16.292915,-23.402113
-26.132332,-16.077305,-23.625303
-27.078482,-16.358498,-24.48626
-27.762148,-16.616562,-25.119078
-26.833118,-16.06059,-24.1655
-27.037287,-15.982101,-24.207737
-24.971863,-16.350628,-22.964554
-26.641785,-16.210432,-24.027538
-27.690155,-16.995646,-25.189756
-27.46234,-17.158682,-25.092121
-25.01087,-16.458261,-23.126966
-26.801424,-16.79558,-24.472868
-25.300903,-16.074392,-23.14112
-27.015451,-17.056356,-24.60438
-26.776026,-16.273525,-24.265728
-25.837189,-16.65174,-23.810104
-27.063423,-16.925611,-24.75465
-26.601206,-16.152367,-23.810425
-26.20224,-16.11697,-23.564943
-24.817926,-16.394688,-22.717535
-26.79419,-16.40944,-24.06766
-26.716139,-16.299427,-24.146376
-25.759563,-15.803257,-23.11502
-24.840332,-17.01533,-23.179148
-25.880041,-16.50655,-23.5448
-26.090967,-16.252848,-23.719284
-27.180916,-16.448196,-24.58127
-27.817688,-16.793125,-25.20128
-26.882427,-16.230341,-24.233194
-27.143475,-16.24208,-24.355139
-25.255093,-16.578064,-23.15642
-26.791496,-16.300428,-24.177929
-27.845488,-17.175835,-25.338017
-27.471674,-17.27011,-25.133135
-25.110731,-16.621826,-23.222097
-26.897562,-16.99824,-24.610939
-25.36551,-16.26546,-23.14547
-27.130013,-17.186543,-24.796837
-26.687498,-16.521343,-24.338774
-25.916693,-16.806696,-23.864513
-27.161877,-17.152842,-24.82897
-26.681908,-16.10916,-23.776236
-26.38555,-16.068365,-23.566095
-25.022934,-16.368694,-22.654755
-26.908401,-16.254913,-23.969706
-26.813362,-16.208752,-24.144054
-25.752249,-15.771185,-23.017054
-25.112408,-16.9476,-23.051233
-26.000612,-16.532461,-23.526865
-26.129173,-16.245453,-23.756561
-27.270475,-16.388731,-24.450602
-27.918344,-16.766752,-25.156197
-26.894032,-16.297646,-24.062515
-27.155523,-16.320616,-24.277782
-25.409311,-16.52345,-23.131027
-26.944494,-16.230854,-24.161972
-27.913809,-17.154766,-25.316828
-27.468395,-17.300274,-25.043055
-25.22654,-16.581131,-23.049294
-27.01433,-17.025558,-24.62951
-25.388346,-16.21254,-23.052488
-27.293514,-17.17464,-24.80046
-26.673365,-16.578413,-24.281775
-26.035084,-16.726177,-23.721783
-27.216354,-17.216228,-24.704235
-26.397465,-16.084894,-23.78729
-26.190796,-16.069603,-23.534386
-24.673384,-16.284224,-22.667192
-26.607132,-16.09831,-23.901623
-26.539013,-16.24992,-24.127794
-25.420195,-15.758603,-22.914145
-24.77042,-16.916319,-22.84074
-25.814022,-16.492502,-23.532845
-26.022715,-16.293344,-23.667227
-26.937115,-16.408041,-24.305796
-27.705107,-16.804781,-25.041634
-26.54866,-16.344894,-23.998196
-26.798458,-16.270647,-24.210522
-25.004969,-16.519424,-23.049456
-26.739096,-16.139196,-24.094868
-27.655533,-17.204374,-25.199945
-27.249998,-17.337593,-24.975918
-24.83812,-16.647419,-22.896933
-26.82322,-17.017454,-24.638765
-25.10203,-16.205078,-22.906475
-27.087273,-17.183352,-24.831665
-26.394693,-16.645012,-24.226433
-25.726679,-16.636194,-23.66609
-26.945044,-17.201431,-24.693817
-26.166378,-16.09802,-23.847776
-25.905579,-16.062258,-23.46299
-24.367954,-16.20028,-22.641863
-26.284182,-16.01978,-23.823114
-26.291056,-16.31927,-24.014183
-25.154913,-15.738367,-22.899416
-24.332218,-16.83731,-22.66695
-25.683588,-16.413334,-23.57522
-25.837496,-16.357069,-23.56492
-26.623201,-16.428255,-24.189354
-27.433388,-16.85212,-24.885376
-26.324604,-16.359417,-23.926352
-26.516443,-16.330294,-24.075178
-24.569147,-16.484816,-22.999514
-26.389988,-16.113937,-24.078865
-27.257393,-17.304792,-25.05666
-27.040127,-17.404655,-24.913866
-24.49552,-16.666483,-22.83391
-26.617687,-17.082766,-24.504347
-24.80173,-16.215424,-22.810392
-26.913822,-17.259068,-24.76652
-26.215374,-16.718693,-24.111128
-25.493141,-16.650812,-23.566484
-26.733297,-17.175335,-24.677135
-26.002975,-16.101387,-23.851208
-25.580906,-16.065926,-23.314177
-24.081694,-16.159885,-22.523565
-26.030825,-15.951296,-23.796976
-26.005913,-16.389835,-23.88186
-24.999702,-15.746299,-22.862192
-23.864208,-16.757406,-22.54523
-25.478468,-16.340446,-23.589872
-25.672768,-16.376541,-23.4634
-26.35411,-16.431816,-24.16109
-27.093542,-16.887974,-24.760399
-26.072468,-16.323257,-23.97453
-26.1582,-16.385191,-23.967844
-24.234552,-16.520744,-22.9654
-26.10387,-16.16766,-24.038229
-26.881697,-17.378057,-24.936323
-26.93825,-17.377726,-24.897041
-24.193336,-16.609684,-22.774433
-26.257433,-17.163593,-24.389742
-24.553547,-16.214123,-22.769533
-26.62296,-17.287113,-24.719328
-26.010777,-16.712578,-23.953447
-25.168327,-16.636908,-23.536222
-26.521545,-17.178991,-24.653492
-25.83048,-16.06143,-23.812517
-25.171862,-16.05269,-23.220055
-23.725521,-16.146036,-22.388996
-25.864761,-16.0134,-23.789953
-25.744223,-16.417517,-23.789694
-24.865295,-15.706426,-22.906559
-23.446247,-16.606657,-22.562557
-25.191517,-16.251211,-23.524519
-25.465717,-16.36329,-23.408508
-26.207558,-16.485525,-24.143888
-26.790339,-16.929558,-24.732927
-25.97704,-16.3011,-23.94067
-25.805178,-16.452303,-23.885408
-23.955795,-16.507978,-22.92779
-25.793234,-16.25334,-23.981709
-26.505384,-17.413204,-24.855719
-26.735744,-17.205542,-24.921076
-23.936537,-16.538586,-22.770397
-26.010447,-17.287548,-24.202574
-24.35957,-16.24385,-22.740705
-26.284899,-17.363243,-24.621147
-25.708906,-16.738367,-23.76252
-24.968662,-16.67242,-23.511806
-26.323345,-17.178932,-24.492668
-25.790257,-16.039888,-23.677734
-25.106356,-16.058079,-23.161781
-23.67183,-16.183523,-22.275509
-25.977215,-16.088263,-23.802378
-25.743717,-16.397848,-23.750818
-24.938921,-15.595398,-22.96055
-23.596012,-16.495207,-22.584358
-25.031277,-16.224567,-23.37659
-25.433388,-16.271065,-23.336815
-26.247274,-16.502043,-24.081247
-26.748394,-16.866251,-24.739681
-25.96824,-16.276144,-23.923035
-25.715706,-16.46579,-23.846418
-23.96848,-16.46971,-22.841381
-25.795813,-16.379734,-23.855719
-26.422108,-17.461607,-24.768526
-26.770744,-17.06994,-24.965637
-24.020922,-16.482367,-22.704363
-25.868908,-17.325308,-24.087248
-24.393448,-16.286081,-22.686554
-26.119219,-17.397814,-24.524092
-25.581047,-16.695839,-23.597477
-25.02814,-16.674337,-23.444613
-26.202337,-17.134369,-24.455261
-25.678013,-16.005415,-23.590443
-25.07573,-16.139082,-23.146776
-23.58829,-16.207266,-22.187454
-26.02658,-16.189125,-23.777206
-25.804771,-16.345922,-23.711918
-25.017687,-15.597153,-22.914606
-23.788095,-16.453596,-22.56155
-24.88747,-16.265705,-23.216776
-25.344954,-16.174797,-23.293255
-26.230677,-16.482124,-24.04695
-26.781237,-16.91773,-24.681433
-25.934813,-16.270597,-23.811651
-25.687794,-16.42477,-23.795479
-23.94818,-16.431284,-22.67434
-25.764643,-16.460346,-23.748302
-26.422491,-17.451517,-24.65617
-26.74852,-16.980127,-24.96145
-24.075365,-16.442837,-22.695267
-25.810091,-17.262354,-24.05489
-24.428087,-16.29433,-22.604378
-25.954002,-17.36379,-24.477924
-25.481577,-16.667286,-23.503431
-25.05645,-16.719088,-23.34979
-26.184818,-17.093605,-24.418388
-25.588423,-16.092924,-23.415464
-25.057352,-16.342518,-23.021513
-23.473795,-16.348473,-22.03128
-26.091736,-16.283407,-23.671791
-25.864447,-16.361742,-23.585646
-25.022097,-15.661527,-22.73412
-23.884674,-16.61821,-22.426384
-24.771873,-16.41765,-23.089628
-25.267607,-16.238056,-23.210543
-26.237766,-16.514324,-23.959167
-26.780367,-17.022491,-24.55086
-25.854666,-16.341326,-23.730055
-25.64309,-16.454449,-23.718119
-23.833555,-16.502392,-22.4062
-25.727177,-16.551826,-23.674366
-26.375792,-17.497913,-24.55705
-26.71522,-17.104883,-24.848091
-24.152725,-16.518646,-22.56484
-25.800694,-17.241398,-23.996908
-24.44025,-16.316849,-22.555618
-25.900524,-17.408598,-24.369684
-25.493982,-16.710178,-23.448782
-25.07119,-16.839512,-23.167784
-26.144384,-17.219044,-24.354286
-25.473928,-16.146883,-23.300589
-24.858856,-16.438833,-22.901163
-23.235804,-16.438932,-21.85325
-25.944443,-16.300755,-23.546873
-25.727045,-16.393682,-23.430424
-24.796478,-15.823023,-22.52509
-23.753132,-16.751493,-22.266396
-24.601934,-16.57585,-22.987068
-25.143803,-16.389416,-23.083212
-26.12036,-16.587732,-23.895588
-26.708984,-17.12355,-24.430662
-25.700644,-16.423786,-23.59686
-25.525866,-16.54017,-23.655525
-23.531017,-16.633505,-22.11277
-25.602684,-16.543076,-23.595942
-26.312716,-17.504993,-24.45489
-26.536505,-17.260546,-24.63437
-23.93348,-16.643856,-22.40133
-25.661808,-17.22125,-23.973461
-24.339848,-16.352425,-22.471249
-25.767384,-17.448782,-24.233519
-25.45175,-16.804834,-23.453161
-24.926386,-16.879032,-23.047247
-25.96617,-17.35603,-24.202158
-25.359959,-16.246452,-23.121994
-24.640892,-16.476046,-22.811909
-23.097103,-16.5121,-21.706757
-25.810314,-16.352228,-23.429451
-25.528866,-16.525331,-23.244162
-24.528006,-15.946364,-22.374395
-23.536957,-16.87851,-22.04705
-24.533867,-16.61627,-22.90488
-24.999798,-16.552086,-22.982918
-26.01117,-16.657763,-23.775341
-26.587729,-17.170317,-24.349474
-25.52319,-16.487572,-23.492058
-25.4491,-16.626461,-23.590137
-23.300632,-16.760595,-21.888638
-25.468666,-16.552917,-23.47199
-26.156618,-17.48429,-24.400036
-26.312597,-17.481674,-24.449501
-23.66854,-16.659191,-22.257118
-25.603985,-17.291136,-23.835213
-24.18212,-16.390215,-22.394135
-25.680445,-17.534128,-24.057796
-25.397163,-16.909391,-23.467577
-24.821486,-16.896425,-22.90368
-25.742474,-17.451523,-24.081715
-25.165903,-16.371355,-23.02311
-24.49255,-16.43219,-22.78794
-22.988445,-16.597713,-21.582758
-25.605959,-16.434364,-23.321009
-25.321922,-16.660074,-23.133406
-24.3412,-16.055914,-22.299843
-23.227472,-16.976715,-21.834547
-24.479626,-16.664673,-22.740412
-24.900871,-16.68758,-22.899076
-25.903122,-16.755997,-23.656172
-26.452007,-17.179562,-24.307182
-25.450315,-16.55684,-23.387579
-25.307695,-16.645235,-23.518381
-23.171291,-16.825253,-21.765984
-25.318659,-16.561457,-23.303425
-26.11747,-17.472185,-24.305843
-26.12445,-17.581688,-24.286077
-23.492468,-16.738832,-22.07559
-25.378397,-17.389534,-23.752163
-24.012768,-16.448866,-22.2868
-25.499882,-17.551243,-23.900154
-25.289722,-16.995459,-23.441278
-24.632956,-16.932137,-22.786991
-25.531445,-17.533684,-23.952147
-25.045816,-16.48011,-22.911905
-24.407545,-16.464071,-22.696102
-22.913366,-16.670334,-21.478775
-25.460686,-16.542675,-23.194916
-25.194397,-16.790981,-23.06105
-24.221333,-16.091345,-22.222149
-22.965103,-17.055645,-21.677958
-24.356081,-16.671116,-22.600414
-24.813915,-16.765034,-22.80984
-25.754349,-16.820213,-23.56171
-26.330053,-17.169493,-24.25031
-25.376108,-16.612452,-23.33412
-25.151112,-16.6417,-23.449787
-23.147636,-16.85602,-21.696737
-25.15108,-16.659594,-23.173182
-26.028404,-17.49743,-24.228083
-25.945513,-17.684202,-24.185999
-23.31147,-16.833246,-21.92778
-25.253597,-17.55688,-23.59471
-23.841558,-16.50579,-22.155693
-25.344769,-17.588905,-23.757017
-25.15891,-17.079546,-23.37197
-24.471128,-16.996859,-22.66255
-25.37328,-17.602684,-23.866772
-25.012299,-16.618156,-22.826302
-24.473251,-16.516918,-22.583918
-22.965908,-16.69243,-21.337275
-25.371264,-16.58709,-23.066349
-25.176617,-16.920784,-23.02157
-24.232826,-16.153107,-22.141209
-22.93194,-17.133799,-21.57872
-24.303495,-16.825804,-22.420933
-24.746328,-16.822233,-22.711636
-25.681908,-16.88239,-23.50532
-26.284267,-17.223011,-24.195496
-25.327137,-16.696571,-23.242754
-25.084042,-16.688904,-23.33687
-23.306358,-16.915321,-21.61209
-25.085316,-16.812626,-23.05656
-25.989458,-17.617708,-24.134863
-25.935642,-17.693058,-24.058264
-23.317562,-16.973639,-21.803501
-25.1274,-17.64432,-23.504074
-23.694183,-16.629171,-22.016142
-25.275105,-17.610197,-23.648733
-25.06296,-17.190538,-23.264055
-24.413826,-17.135395,-22.548927
-25.367264,-17.645737,-23.7423
-24.974323,-16.706507,-22.733349
-24.462225,-16.533247,-22.4461
-22.925184,-16.67436,-21.203074
-25.254116,-16.735397,-22.923828
-25.166044,-17.017702,-22.975765
-24.295383,-16.304358,-21.977186
-23.000563,-17.199263,-21.436733
-24.196619,-16.958708,-22.288605
-24.644632,-16.813753,-22.64915
-25.526157,-16.945856,-23.45906
-26.23392,-17.294779,-24.112263
-25.262913,-16.82431,-23.145098
-25.07352,-16.780186,-23.219347
-23.341255,-17.018728,-21.490501
-25.00493,-16.932358,-22.985922
-25.884384,-17.754416,-24.072498
-25.950607,-17.766901,-23.942602
-23.326307,-17.089281,-21.681398
-25.05545,-17.663944,-23.420807
-23.586798,-16.78373,-21.876842
-25.259188,-17.661903,-23.576704
-24.911236,-17.28721,-23.170221
-24.357195,-17.27411,-22.43753
-25.42708,-17.726004,-23.587366
-24.984386,-16.96118,-22.708775
-24.360952,-16.64593,-22.462633
-22.85011,-16.831017,-21.177814
-25.151436,-16.897236,-22.930084
-25.17474,-17.12383,-23.03341
-24.209126,-16.483986,-21.94472
-23.03192,-17.415024,-21.370598
-24.129822,-17.10517,-22.211494
-24.602297,-16.850817,-22.660034
-25.490044,-17.145874,-23.4113
-26.118116,-17.523333,-24.088146
-25.151926,-16.998995,-23.018896
-24.982948,-16.97962,-23.128078
-23.314365,-17.24164,-21.504425
-24.999453,-17.053652,-22.981098
-25.745108,-17.959143,-24.055035
-25.982754,-17.876495,-23.852747
-23.281586,-17.26897,-21.595701
-25.054152,-17.707653,-23.415363
-23.511234,-16.917873,-21.83555
-25.293455,-17.852545,-23.529236
-24.806087,-17.396255,-23.130697
-24.261154,-17.513775,-22.39694
-25.40035,-17.802021,-23.485695
-25.074535,-17.075073,-22.711248
-24.417568,-16.772125,-22.442621
-22.973999,-17.03847,-21.203726
-25.345282,-17.099722,-22.960524
-25.332584,-17.201122,-23.036713
-24.262737,-16.65405,-21.89862
-23.249037,-17.634256,-21.264645
-24.194101,-17.248856,-22.185822
-24.696981,-16.968184,-22.599018
-25.60454,-17.300983,-23.335829
-26.150908,-17.709595,-24.020262
-25.152905,-17.147877,-22.944817
-25.003845,-17.183056,-23.080677
-23.419077,-17.52663,-21.489553
-25.111057,-17.188614,-22.992895
-25.838392,-18.140692,-23.986103
-26.028362,-18.059175,-23.76058
-23.42899,-17.393099,-21.489754
-25.152159,-17.773506,-23.411804
-23.681608,-17.061989,-21.762815
-25.398607,-18.042152,-23.50155
-24.88508,-17.403784,-23.083601
-24.368317,-17.642391,-22.414583
-25.438198,-17.903856,-23.474691
-25.20342,-17.157358,-22.731636
-24.472424,-16.993399,-22.37391
-23.164766,-17.266518,-21.205296
-25.52685,-17.229681,-22.959755
-25.362211,-17.339823,-22.98001
-24.25575,-16.749403,-21.887938
-23.416187,-17.8509,-21.21923
-24.32491,-17.366879,-22.204857
-24.687325,-17.12597,-22.494156
-25.64297,-17.479422,-23.2709
-26.131584,-17.88358,-23.91892
-25.14656,-17.305267,-22.896477
-25.10515,-17.359632,-22.963472
-23.462158,-17.755194,-21.485224
-25.267746,-17.304123,-23.003378
-25.891869,-18.341892,-23.86632
-26.0356,-18.223837,-23.654007
-23.46683,-17.538927,-21.437326
-25.316244,-17.932215,-23.325867
-23.78099,-17.138964,-21.70993
-25.48025,-18.2631,-23.420414
-24.951448,-17.41487,-22.987192
-24.532944,-17.771246,-22.381878
-25.493658,-18.005087,-23.452774
-25.250574,-17.215157,-22.742197
-24.563324,-17.236046,-22.271275
-23.338337,-17.569813,-21.139866
-25.621302,-17.32245,-22.970108
-25.325184,-17.468018,-22.901188
-24.317251,-16.797829,-21.854868
-23.569496,-18.082447,-21.195654
-24.55082,-17.571392,-22.223345
-24.69639,-17.31354,-22.409302
-25.67565,-17.57644,-23.24807
-26.166471,-17.99475,-23.850775
-25.212858,-17.423084,-22.893513
-25.111229,-17.502182,-22.855652
-23.58501,-17.927725,-21.453136
-25.354136,-17.48247,-22.969494
-25.95015,-18.533073,-23.765621
-25.980185,-18.36201,-23.633696
-23.58533,-17.722258,-21.404957
-25.329027,-18.10831,-23.203234
-23.881817,-17.249878,-21.660854
-25.462816,-18.46304,-23.37262
-25.018887,-17.533497,-22.898308
-24.619099,-17.825205,-22.387869
-25.583212,-18.179565,-23.38851
-25.320633,-16.99119,-22.806036
-24.679834,-17.094734,-22.280418
-23.471869,-17.259827,-21.171925
-25.718758,-16.972872,-23.030863
-25.312653,-17.227016,-22.919176
-24.382027,-16.572018,-21.93984
-23.731112,-17.649261,-21.349718
-24.700693,-17.426287,-22.297838
-24.749653,-17.167093,-22.438187
-25.70882,-17.367336,-23.247374
-26.22738,-17.793608,-23.861237
-25.31913,-17.235487,-22.906963
-25.17389,-17.331472,-22.794846
-23.71382,-17.591354,-21.537987
-25.342113,-17.291065,-22.956875
-26.036306,-18.339851,-23.747627
-26.057716,-18.166914,-23.7663
-23.727962,-17.469427,-21.47987
-25.35594,-18.066666,-23.089546
-23.98226,-16.983624,-21.681822
-25.548464,-18.311312,-23.352327
-25.12254,-17.416018,-22.81859
-24.745596,-17.518421,-22.44473
-25.66,-18.091888,-23.347229
-25.147408,-16.814463,-22.826603
-24.430717,-16.931149,-22.281036
-23.197838,-16.946905,-21.201466
-25.371893,-16.707056,-23.069525
-25.062426,-17.002834,-22.957275
-24.259007,-16.375605,-22.064537
-23.517979,-17.251274,-21.473843
-24.591307,-17.268219,-22.32212
-24.5958,-17.048378,-22.488632
-25.479649,-17.071184,-23.266846
-26.083504,-17.606342,-23.908405
-25.208344,-17.060724,-22.956593
-24.98685,-17.206526,-22.778055
-23.536732,-17.200659,-21.621603
-25.053864,-17.080624,-22.902504
-25.866072,-18.067043,-23.721003
-26.035267,-18.046381,-23.896177
-23.539005,-17.22824,-21.530586
-25.063158,-17.915977,-23.044638
-23.756977,-16.807611,-21.66757
-25.354029,-18.227434,-23.331108
-24.892677,-17.34063,-22.768972
-24.512955,-17.300983,-22.479511
-25.458004,-17.984327,-23.383408
-24.931246,-16.707457,-22.861547
-24.19785,-16.716948,-22.261265
-22.888824,-16.684303,-21.229736
-25.0887,-16.514685,-23.065409
-24.916811,-16.810896,-23.000189
-24.180563,-16.25795,-22.097462
-23.31681,-16.873686,-21.576258
-24.334501,-17.052446,-22.317368
-24.504583,-16.916752,-22.541182
-25.310213,-16.897377,-23.290415
-26.014635,-17.409885,-23.882574
-25.113705,-16.900917,-22.956703
-24.778639,-17.036478,-22.785133
-23.335392,-16.909138,-21.67016
-24.712133,-16.90526,-22.870893
-25.639046,-17.812557,-23.696953
-26.001274,-17.960575,-23.978853
-23.347311,-16.947521,-21.596376
-24.860771,-17.75211,-23.070795
-23.526052,-16.682156,-21.652428
-25.223684,-18.032864,-23.359907
-24.687218,-17.20498,-22.743776
-24.30369,-17.062052,-22.474606
-25.286068,-17.851574,-23.428745
-24.753471,-16.874443,-22.760578
-23.95112,-16.877403,-22.093742
-22.65868,-16.92044,-21.098902
-24.781149,-16.821081,-22.976925
-24.777788,-17.028175,-22.918938
-23.92673,-16.487411,-22.010965
-23.033087,-17.132452,-21.465126
-24.033857,-17.140774,-22.238007
-24.460314,-17.001892,-22.479097
-25.198864,-17.172895,-23.222742
-25.805897,-17.53618,-23.7575
-24.928904,-17.132652,-22.892418
-24.62822,-17.21304,-22.715298
-23.090073,-17.124258,-21.547064
-24.474247,-17.076038,-22.783724
-25.513113,-17.948948,-23.601772
-25.947245,-18.102318,-23.915846
-23.199808,-17.240164,-21.531813
-24.761246,-17.877691,-23.034824
-23.308346,-16.927929,-21.604706
-25.153296,-18.132454,-23.303276
-24.48733,-17.377815,-22.664652
-24.063072,-17.300085,-22.354967
-25.10882,-18.052027,-23.352707
-24.801609,-17.02648,-22.698456
-24.165627,-17.06493,-21.987057
-22.962465,-17.094082,-20.98403
-24.987831,-17.118544,-22.897696
-25.025759,-17.182333,-22.83969
-24.052395,-16.680735,-21.883087
-23.25683,-17.468334,-21.37235
-24.090858,-17.225206,-22.141314
-24.596214,-17.13678,-22.364216
-25.359129,-17.41952,-23.135809
-25.86257,-17.711178,-23.644667
-24.991589,-17.25313,-22.822641
-24.771421,-17.404009,-22.625225
-23.382532,-17.331827,-21.376831
-24.66741,-17.358332,-22.723234
-25.688147,-18.19352,-23.529236
-25.996601,-18.190838,-23.835384
-23.442917,-17.457941,-21.446821
-25.011402,-18.01821,-23.002373
-23.556086,-17.183619,-21.548052
-25.317598,-18.171345,-23.238203
-24.632683,-17.524462,-22.587385
-24.183813,-17.509903,-22.277647
-25.247671,-18.175625,-23.23972
-24.909725,-17.096962,-22.606556
-24.388958,-17.268343,-21.92061
-23.217432,-17.277094,-20.878893
-25.215546,-17.374449,-22.815847
-25.15407,-17.36581,-22.715172
-24.107128,-16.80951,-21.794607
-23.467014,-17.830675,-21.250591
-24.155094,-17.360304,-22.09413
-24.606783,-17.245699,-22.264372
-25.47499,-17.611244,-23.051897
-25.90581,-17.957962,-23.581642
-25.016352,-17.41596,-22.749872
-24.93769,-17.61058,-22.550293
-23.537146,-17.507408,-21.23975
-24.953432,-17.534473,-22.655981
-25.898596,-18.398872,-23.492828
-25.92896,-18.210777,-23.723642
-23.587238,-17.628231,-21.402859
-25.279066,-18.239515,-22.911222
-23.745373,-17.393133,-21.498947
-25.408863,-18.274551,-23.13569
-24.78828,-17.71328,-22.531107
-24.386776,-17.743587,-22.207962
-25.436535,-18.31983,-23.16092
-24.975214,-17.232956,-22.497131
-24.582363,-17.554726,-21.88891
-23.451073,-17.507496,-20.762548
-25.408354,-17.542912,-22.734743
-25.170553,-17.552094,-22.60097
-24.154915,-16.9351,-21.724161
-23.760908,-18.139046,-21.130686
-24.350374,-17.513786,-22.005564
-24.577887,-17.403486,-22.1615
-25.508883,-17.727997,-22.967299
-25.995047,-18.202242,-23.530132
-25.053139,-17.463629,-22.69578
-25.049294,-17.812302,-22.528807
-23.664476,-17.634863,-21.149523
-25.144806,-17.66542,-22.577852
-25.998487,-18.605585,-23.46005
-25.801802,-18.33,-23.642427
-23.776344,-17.800234,-21.331886
-25.461647,-18.380735,-22.837318
-23.949293,-17.526169,-21.44902
-25.496542,-18.436298,-23.07156
-24.945877,-17.98403,-22.461693
-24.582428,-17.916288,-22.144777
-25.636377,-18.415237,-23.10144
-25.084038,-17.426245,-22.397202
-24.821491,-17.751005,-21.813908
-23.642956,-17.775517,-20.674946
-25.534103,-17.631594,-22.637417
-25.19694,-17.740047,-22.488754
-24.218199,-17.036613,-21.664917
-24.057228,-18.330997,-21.051971
-24.53922,-17.78543,-21.928543
-24.632029,-17.58402,-22.069424
-25.558262,-17.813412,-22.91861
-26.167896,-18.344955,-23.50899
-25.091185,-17.614326,-22.656343
-25.173542,-17.959595,-22.537565
-23.782043,-17.827192,-21.079521
-25.241894,-17.74491,-22.497425
-26.109016,-18.785404,-23.42993
-25.890438,-18.51249,-23.53868
-23.91488,-17.924538,-21.248579
-25.538109,-18.547705,-22.721622
-24.107664,-17.654072,-21.39975
-25.651926,-18.629128,-23.011381
-25.156996,-18.238459,-22.396996
-24.786308,-18.038725,-22.066755
-25.723955,-18.645065,-23.019573
